category,title,date,view,comment
캐주얼,톤온톤 코디,2021-07-02,15982,49
캐주얼,블랙 매니아,2021-02-23,34648,46
캐주얼,오늘의 코디,2022-03-22,12177,38
댄디,추천 댄디 룩,2021-09-15,20166,27
캐주얼,릴랙스 룩,2021-02-23,23518,22
스트릿,힙하다 힙해,2021-02-03,35269,21
캐주얼,심플한 코디,2021-07-30,39553,18
댄디,데이트 코디,2021-12-24,10294,18
댄디,훈훈 남친 룩,2021-03-24,19327,16
캐주얼,지금 입기 좋아,2021-08-31,20198,16
댄디,남친 룩으로 제격,2021-12-24,9634,14
댄디,서머 데이트 룩,2021-07-26,7836,14
포멀,깔끔하게 즐겨,2021-11-09,6296,13
아메리칸 캐주얼,남다른 감각,2021-11-17,4319,11
캐주얼,편안함의 완성,2021-10-04,19407,11
캐주얼,원 마일 웨어,2021-10-08,16766,10
아메리칸 캐주얼,아메리칸 캐주얼,2021-12-21,4478,10
캐주얼,편하게 완성,2021-07-21,14963,10
캐주얼,레이어드의 매력,2021-06-04,12657,9
포멀,매력적인 포멀 룩,2021-09-17,11321,9
댄디,레이어드의 매력,2021-11-23,10147,8
캐주얼,발랄함 가득!,2021-07-05,3123,8
댄디,남친 룩의 정석,2020-11-04,16253,8
포멀,손색 없는 단정함,2021-11-12,3142,8
시크,시크한 감각,2021-08-20,3700,8
캐주얼,서머 캠퍼스 룩,2022-07-19,3116,8
캐주얼,꾸안꾸 코디,2022-11-04,3858,8
포멀,깔끔한 매력,2021-03-08,13714,8
캐주얼,러블리 캐주얼,2020-11-18,9402,7
캐주얼,캠퍼스 룩,2021-07-12,7326,7
캐주얼,오늘의 무드,2021-12-06,6945,7
캐주얼,캐주얼 룩의 정석,2020-11-06,16137,7
캐주얼,잘 고른 재킷,2020-10-28,20246,7
포멀,단정한 모습,2021-11-26,5636,7
댄디,훈훈한 스타일,2021-12-29,3498,7
아메리칸 캐주얼,실패 없는 코디,2021-06-11,8255,6
캐주얼,피크닉 가자!,2021-08-20,2679,6
댄디,데이트하는 날,2021-09-07,16892,6
댄디,레더 스타일링,2021-09-28,8137,6
아메리칸 캐주얼,센스 있는 아메카지,2022-10-26,6983,6
캐주얼,귀여운 프레피 룩,2021-06-04,12131,6
캐주얼,남친 룩 추천,2021-06-11,10857,6
아메리칸 캐주얼,아메카지 무드,2022-06-17,4672,6
로맨틱,레트로 스타일링,2021-05-17,2281,6
포멀,깔끔한 연출,2021-11-10,3558,6
포멀,클래식한 실루엣,2021-01-15,4222,6
포멀,완벽한 스타일링,2021-09-15,3970,6
캐주얼,멋 내는 방법,2021-07-02,5879,5
걸리시,귀여운 매치,2021-05-17,1902,5
스트릿,스트릿 무드,2021-09-06,4270,5
캐주얼,캐주얼 룩의 정석,2021-03-12,10961,5
스트릿,스트라이프 활용법,2021-02-19,2784,5
걸리시,누구나 반해,2021-12-24,4527,5
포멀,데이트 룩 완성!,2021-02-08,10441,5
캐주얼,편하게 멋 내봐,2021-09-08,11384,5
댄디,레이어드 코디,2021-06-10,2553,5
캐주얼,그린 포인트!,2021-05-28,5414,5
캐주얼,트렌디해!,2021-12-24,2687,5
캐주얼,가볍게 툭!,2021-05-31,3421,5
캐주얼,레트로 무드,2021-03-12,11464,5
